oa_mean,oa_std,aa_mean,aa_std,kappa_mean,kappa_std,best_epoch_mean
0.9261904761904761,0.001954136068622576,0.9236289645432789,0.0007529462657804819,0.9235538648557853,0.0020194143294929166,24.333333333333332
